{"cameraMode":{"drawMode":0,"name":"Shaded","section":"Shading Mode"},"sceneLighting":true,"audioPlay":false,"sceneViewState":{"showFog":true,"showMaterialUpdate":false,"showSkybox":true,"showFlares":true,"showImageEffects":true,"showParticleSystems":true},"in2DMode":false,"pivot":{"x":304.2249450683594,"y":-8.876420974731446,"z":139.22084045410157},"rotation":{"x":-0.025800608098506929,"y":0.8236327767372131,"z":-0.0375918485224247,"w":-0.5652915239334106},"size":1.9572162628173829,"orthographic":false}