{"cameraMode":{"drawMode":0,"name":"Shaded","section":"Shading Mode"},"sceneLighting":false,"audioPlay":false,"sceneViewState":{"showFog":true,"showMaterialUpdate":false,"showSkybox":false,"showFlares":true,"showImageEffects":true,"showParticleSystems":true},"in2DMode":false,"pivot":{"x":10.441078186035157,"y":48.490814208984378,"z":25.121707916259767},"rotation":{"x":-0.012852097861468792,"y":0.6304700970649719,"z":0.012731943279504776,"w":0.776422917842865},"size":50.59919738769531,"orthographic":false}