{"cameraMode":{"drawMode":0,"name":"Shaded","section":"Shading Mode"},"sceneLighting":false,"audioPlay":false,"sceneViewState":{"showFog":true,"showMaterialUpdate":false,"showSkybox":false,"showFlares":true,"showImageEffects":true,"showParticleSystems":true},"in2DMode":false,"pivot":{"x":0.46550610661506655,"y":0.3968391418457031,"z":-0.22670817375183106},"rotation":{"x":0.025043655186891557,"y":0.9610038995742798,"z":-0.26335176825523379,"w":0.08589493483304978},"size":2.0142128467559816,"orthographic":false}