{"cameraMode":{"drawMode":0,"name":"Shaded","section":"Shading Mode"},"sceneLighting":true,"audioPlay":false,"sceneViewState":{"showFog":true,"showMaterialUpdate":false,"showSkybox":true,"showFlares":true,"showImageEffects":true,"showParticleSystems":true},"in2DMode":false,"pivot":{"x":352.5969543457031,"y":3.7921714782714845,"z":137.16607666015626},"rotation":{"x":-0.05658630281686783,"y":0.9355980753898621,"z":-0.18359088897705079,"w":-0.29803675413131716},"size":56.50658416748047,"orthographic":false}