{"cameraMode":{"drawMode":0,"name":"Shaded","section":"Shading Mode"},"sceneLighting":false,"audioPlay":false,"sceneViewState":{"showFog":true,"showMaterialUpdate":false,"showSkybox":false,"showFlares":true,"showImageEffects":true,"showParticleSystems":true},"in2DMode":false,"pivot":{"x":4.76837158203125e-7,"y":1.999999761581421,"z":2.980232238769531e-7},"rotation":{"x":0.13194845616817475,"y":0.7879589796066284,"z":-0.17818689346313477,"w":0.5749883651733398},"size":3.464101791381836,"orthographic":false}